rank,genres,names,price,release,discription,players,peak_tody,images,imagehtml,,,
1,Action,Counter-Strike: Global Offensive,Free to Play,2012-08-21,"Counter-Strike: Global Offensive (CS: GO) expands upon the team-based action gameplay that it pioneered when it was launched 19 years ago. CS: GO features new maps, characters, weapons, and game modes, and delivers updated versions of the classic CS content (de_dust2, etc.).",741232 ,1409711 ,https://cdn.akamai.steamstatic.com/steam/apps/730/header.jpg?t=1668125812,<img src='https://cdn.akamai.steamstatic.com/steam/apps/730/header.jpg?t=1668125812'>,,,
2,Action,Dota 2,Free to Play,2013-07-09,"Every day, millions of players worldwide enter battle as one of over a hundred Dota heroes. And no matter if it's their 10th hour of play or 1,000th, there's always something new to discover. With regular updates that ensure a constant evolution of gameplay, features, and heroes, Dota 2 has taken on a life of its own.",324941 ,603084 ,https://cdn.akamai.steamstatic.com/steam/apps/570/header.jpg?t=1678300512,<img src='https://cdn.akamai.steamstatic.com/steam/apps/570/header.jpg?t=1678300512'>,,,
3,Action,PUBG: BATTLEGROUNDS,Free to Play,2017-12-21,"Play PUBG: BATTLEGROUNDS for free. Land on strategic locations, loot weapons and supplies, and survive to become the last team standing across various, diverse Battlegrounds. Squad up and join the Battlegrounds for the original Battle Royale experience that only_UBG: BATTLEGROUNDS ca",101493 ,406334 ,https://cdn.akamai.steamstatic.com/steam/apps/578080/header.jpg?t=1681115546,<img src='https://cdn.akamai.steamstatic.com/steam/apps/578080/header.jpg?t=1681115546'>,,,
4,Action,Destiny 2,Free to Play,2019-10-01,"Destiny 2 is an action MMO with a single evolving world that you and your friends can join anytime, anywhere, absolutely free.",91108 ,121753 ,https://cdn.akamai.steamstatic.com/steam/apps/1085660/header_alt_assets_1.jpg?t=1680800510,<img src='https://cdn.akamai.steamstatic.com/steam/apps/1085660/header_alt_assets_1.jpg?t=1680800510'>,,,
6,Action,Apex Legends,Free to Play,2020-11-04,"Apex Legends is the award-winning, free-to-play Hero Shooter from Respawn Entertainment. Master an ever-growing roster of legendary characters with powerful abilities, and experience strategic squad play and innovative gameplay in the next evolution of Hero Shooter and Battle Royale.",85490 ,451076 ,https://cdn.akamai.steamstatic.com/steam/apps/1172470/header.jpg?t=1679171844,<img src='https://cdn.akamai.steamstatic.com/steam/apps/1172470/header.jpg?t=1679171844'>,,,
5,Action,Path of Exile,Free to Play,2013-10-23,"You are an Exile, struggling to survive on the dark continent of Wraeclast, as you fight to earn power that will allow you to exact your revenge against those who wronged you. Created by hardcore gamers, Path of Exile is an online Action RPG set in a dark fantasy world.",85163 ,106122 ,https://cdn.akamai.steamstatic.com/steam/apps/238960/header.jpg?t=1680737814,<img src='https://cdn.akamai.steamstatic.com/steam/apps/238960/header.jpg?t=1680737814'>,,,
7,Action,Call of Duty_: Modern Warfare_ II,69.99,2022-10-28,Call of Duty_: Modern Warfare_ II drops players into an unprecedented global conflict that features the return of the iconic Operators of Task Force 141.,81785 ,101945 ,https://cdn.akamai.steamstatic.com/steam/apps/1938090/header_alt_assets_3.jpg?t=1681315823,<img src='https://cdn.akamai.steamstatic.com/steam/apps/1938090/header_alt_assets_3.jpg?t=1681315823'>,,,
8,Action,Team Fortress 2,Free to Play,2007-10-10,"Nine distinct classes provide a broad range of tactical abilities and personalities. Constantly updated with new game modes, maps, equipment and, most importantly, hats!",78510 ,92511 ,https://cdn.akamai.steamstatic.com/steam/apps/440/header.jpg?t=1665425286,<img src='https://cdn.akamai.steamstatic.com/steam/apps/440/header.jpg?t=1665425286'>,,,
9,Action,Rust,39.99,2018-02-08,"The only aim in Rust is to survive. Everything wants you to die - the island¡¯s wildlife and other inhabitants, the environment, other survivors. Do whatever it takes to last another night.",68365 ,86651 ,https://cdn.akamai.steamstatic.com/steam/apps/252490/header.jpg?t=1678981332,<img src='https://cdn.akamai.steamstatic.com/steam/apps/252490/header.jpg?t=1678981332'>,,,
10,Action,Grand Theft Auto V,39.98,2015-04-14,"Grand Theft Auto V for PC offers players the option to explore the award-winning world of Los Santos and Blaine County in resolutions of up to 4k and beyond, as well as the chance to experience the game running at 60 frames per second.",63055 ,128039 ,https://cdn.akamai.steamstatic.com/steam/apps/271590/header.jpg?t=1678296348,<img src='https://cdn.akamai.steamstatic.com/steam/apps/271590/header.jpg?t=1678296348'>,,,
11,Action,Lost Ark,Free To Play,2022-02-11,"Embark on an odyssey for the Lost Ark in a vast, vibrant world: explore new lands, seek out lost treasures, and test yourself in thrilling action combat in this action-packed free-to-play RPG.",61284 ,68078 ,https://cdn.akamai.steamstatic.com/steam/apps/1599340/header.jpg?t=1678222947,<img src='https://cdn.akamai.steamstatic.com/steam/apps/1599340/header.jpg?t=1678222947'>,,,
12,Action,Unturned,Free To Play,2017-07-07,"You're a survivor in the zombie infested ruins of society, and must work with your friends and forge alliances to remain among the living.",57519 ,60133 ,https://cdn.akamai.steamstatic.com/steam/apps/304930/header.jpg?t=1673402489,<img src='https://cdn.akamai.steamstatic.com/steam/apps/304930/header.jpg?t=1673402489'>,,,
13,Simulation,Football Manager 2023,59.99,2022-11-07,"Build your dream squad, outsmart your rivals and experience the thrill of big European nights in the UEFA Champions League. Your journey towards footballing glory awaits.",47606 ,66416 ,https://cdn.akamai.steamstatic.com/steam/apps/1904540/header.jpg?t=1680627762,<img src='https://cdn.akamai.steamstatic.com/steam/apps/1904540/header.jpg?t=1680627762'>,,,
14,Simulation,EA SPORTS FIFA 23,69.99,2022-09-29,"FIFA 23 brings The World¡¯s Game to the pitch, with HyperMotion2 Technology, men¡¯s and women¡¯s FIFA World Cupcoming during the season, women¡¯s club teams, cross-play features*, and more.",46416 ,61901 ,https://cdn.akamai.steamstatic.com/steam/apps/1811260/header.jpg?t=1679504733,<img src='https://cdn.akamai.steamstatic.com/steam/apps/1811260/header.jpg?t=1679504733'>,,,
15,Action,War Thunder,Free To Play,2013-08-15,"War Thunder is the most comprehensive free-to-play, cross-platform, MMO military game dedicated to aviation, armoured vehicles, and naval craft, from the early 20th century to the most advanced modern combat units. Join now and take part in major battles on land, in the air, and at sea.",45968 ,72590 ,https://cdn.akamai.steamstatic.com/steam/apps/236390/header.jpg?t=1681461045,<img src='https://cdn.akamai.steamstatic.com/steam/apps/236390/header.jpg?t=1681461045'>,,,
16,Action,Tom Clancy's Rainbow Six_ Siege,19.99,2015-12-01,"Tom Clancy's Rainbow Six_ Siege is an elite, tactical team-based shooter where superior planning and execution triumph.",39070 ,52297 ,https://cdn.akamai.steamstatic.com/steam/apps/359550/header.jpg?t=1680010421,<img src='https://cdn.akamai.steamstatic.com/steam/apps/359550/header.jpg?t=1680010421'>,,,
17,Action,ARK: Survival Evolved,19.99,2017-08-27,"Stranded on the shores of a mysterious island, you must learn to survive. Use your cunning to kill or tame the primeval creatures roaming the land, and encounter other players to survive, dominate... and escape!",36033 ,52441 ,https://cdn.akamai.steamstatic.com/steam/apps/346110/header.jpg?t=1669254188,<img src='https://cdn.akamai.steamstatic.com/steam/apps/346110/header.jpg?t=1669254188'>,,,
18,Strategy,Sid Meier¡¯s Civilization_ VI,59.99,2016-10-21,"Civilization VI is the newest installment in the award winning Civilization Franchise. Expand your empire, advance your culture and go head-to-head against history¡¯s greatest leaders. Will your civilization stand the test of time?",34699 ,53398 ,https://cdn.akamai.steamstatic.com/steam/apps/289070/header.jpg?t=1680898825,<img src='https://cdn.akamai.steamstatic.com/steam/apps/289070/header.jpg?t=1680898825'>,,,
19,Action,MIR4,Free To Play,2021-08-25,MIR4 is a free-to-play open world K-fantasy MMORPG that can be cross-played on both PC and mobile devices. MIR4 is full of action and features numerous large scale clan PVP battles. Join now and become a legend.,34566 ,36992 ,https://cdn.akamai.steamstatic.com/steam/apps/1623660/header.jpg?t=1659502391,<img src='https://cdn.akamai.steamstatic.com/steam/apps/1623660/header.jpg?t=1659502391'>,,,
20,Action,Warframe ,Free To Play,2013-03-25,Awaken as an unstoppable warrior and battle alongside your friends in this story-driven free-to-play online action game,34078 ,54744 ,https://cdn.akamai.steamstatic.com/steam/apps/230410/header.jpg?t=1678904765,<img src='https://cdn.akamai.steamstatic.com/steam/apps/230410/header.jpg?t=1678904765'>,,,
21,Action,DayZ ,44.99,2018-12-13,"How long can you survive a post-apocalyptic world? A land overrun with an infected ""zombie"" population, where you compete with other survivors for limited resources. Will you team up with strangers and stay strong together? Or play as a lone wolf to avoid betrayal? This is DayZ _ this is your story.",33804 ,49014 ,https://cdn.akamai.steamstatic.com/steam/apps/221100/header.jpg?t=1674143992,<img src='https://cdn.akamai.steamstatic.com/steam/apps/221100/header.jpg?t=1674143992'>,,,
22,Action,Total War: WARHAMMER III,59.99,2022-02-17,"The cataclysmic conclusion to the Total War: WARHAMMER trilogy is here. Rally your forces and step into the Realm of Chaos, a dimension of mind-bending horror where the very fate of the world will be decided. Will you conquer your Daemons or command them?",33108 ,43990 ,https://cdn.akamai.steamstatic.com/steam/apps/1142710/header.jpg?t=1681400832,<img src='https://cdn.akamai.steamstatic.com/steam/apps/1142710/header.jpg?t=1681400832'>,,,
23,Action,Rocket League_,,2015-07-07,"Rocket League is a high-powered hybrid of arcade-style soccer and vehicular mayhem with easy-to-understand controls and fluid, physics-driven competition.",32681 ,37599 ,https://cdn.akamai.steamstatic.com/steam/apps/252950/header.jpg?t=1678294071,<img src='https://cdn.akamai.steamstatic.com/steam/apps/252950/header.jpg?t=1678294071'>,,,
24,Casual,Wallpaper Engine,3.99,2018-11-01,Use stunning live wallpapers on your desktop. Animate your own images to create new wallpapers or import videos/websites and share them on the Steam Workshop!,32554 ,94741 ,https://cdn.akamai.steamstatic.com/steam/apps/431960/header.jpg?t=1665921297,<img src='https://cdn.akamai.steamstatic.com/steam/apps/431960/header.jpg?t=1665921297'>,,,
25,Action,Dead by Daylight,19.99,2016-06-14,"Dead by Daylight is a multiplayer (4vs1) horror game where one player takes on the role of the savage Killer, and the other four players play as Survivors, trying to escape the Killer and avoid being caught and killed.",31450 ,40593 ,https://cdn.akamai.steamstatic.com/steam/apps/381210/header.jpg?t=1681938397,<img src='https://cdn.akamai.steamstatic.com/steam/apps/381210/header.jpg?t=1681938397'>,,,
26,Action,PAYDAY 2,9.99,2013-08-13,"PAYDAY 2 is an action-packed, four-player co-op shooter that once again lets gamers don the masks of the original PAYDAY crew - Dallas, Hoxton, Wolf and Chains - as they descend on Washington DC for an epic crime spree.",30744 ,33586 ,https://cdn.akamai.steamstatic.com/steam/apps/218620/header.jpg?t=1680024271,<img src='https://cdn.akamai.steamstatic.com/steam/apps/218620/header.jpg?t=1680024271'>,,,
27,Simulation,Stardew Valley,14.99,2016-02-26,"You've inherited your grandfather's old farm plot in Stardew Valley. Armed with hand-me-down tools and a few coins, you set out to begin your new life. Can you learn to live off the land and turn these overgrown fields into a thriving home?",28728 ,35803 ,https://cdn.akamai.steamstatic.com/steam/apps/413150/header.jpg?t=1666917466,<img src='https://cdn.akamai.steamstatic.com/steam/apps/413150/header.jpg?t=1666917466'>,,,
28,Action,Crab Game,Free To Play,2021-10-29,"Crab Game is a First-Person Multiplayer game where you play through several different minigames based on children's games, until only one player stands victorious.",28270 ,42599 ,https://cdn.akamai.steamstatic.com/steam/apps/1782210/header.jpg?t=1638221608,<img src='https://cdn.akamai.steamstatic.com/steam/apps/1782210/header.jpg?t=1638221608'>,,,
29,Simulation,Project Zomboid,19.99,2013-11-08,"Project Zomboid is the ultimate in zombie survival. Alone or in MP: you loot, build, craft, fight, farm and fish in a struggle to survive. A hardcore RPG skillset, a vast map, massively customisable sandbox and a cute tutorial raccoon await the unwary. So how will you die? All it takes is a bite..",28083 ,29819 ,https://cdn.akamai.steamstatic.com/steam/apps/108600/header.jpg?t=1679306018,<img src='https://cdn.akamai.steamstatic.com/steam/apps/108600/header.jpg?t=1679306018'>,,,
30,Action,Terraria,9.99,2011-05-16,"Dig, fight, explore, build! Nothing is impossible in this action-packed adventure game. Four Pack also available!",27727 ,36962 ,https://cdn.akamai.steamstatic.com/steam/apps/105600/header.jpg?t=1666290860,<img src='https://cdn.akamai.steamstatic.com/steam/apps/105600/header.jpg?t=1666290860'>,,,
31,Action,ELDEN RING,59.99,2022-02-24,"THE NEW FANTASY ACTION RPG. Rise, Tarnished, and be guided by grace to brandish the power of the Elden Ring and become an Elden Lord in the Lands Between.",26982 ,36584 ,https://cdn.akamai.steamstatic.com/steam/apps/1245620/header.jpg?t=1674441703,<img src='https://cdn.akamai.steamstatic.com/steam/apps/1245620/header.jpg?t=1674441703'>,,,
32,Casual,The Sims 4,Free To Play ,2014-09-02,Play with life and discover the possibilities. Unleash your imagination and create a world of Sims that¡¯s wholly unique. Explore and customize every detail from Sims to homes_and much more.,25417 ,30191 ,https://cdn.akamai.steamstatic.com/steam/apps/1222670/header.jpg?t=1679000582,<img src='https://cdn.akamai.steamstatic.com/steam/apps/1222670/header.jpg?t=1679000582'>,,,
33,Action,Valheim,19.99,2021-02-02,"A brutal exploration and survival game for 1-10 players, set in a procedurally-generated purgatory inspired by viking culture. Battle, build, and conquer your way to a saga worthy of Odin¡¯s patronage!",24302 ,32067 ,https://cdn.akamai.steamstatic.com/steam/apps/892970/header.jpg?t=1676365340,<img src='https://cdn.akamai.steamstatic.com/steam/apps/892970/header.jpg?t=1676365340'>,,,
34,Simulation,Hearts of Iron IV,39.99,2016-06-06,"Victory is at your fingertips! Your ability to lead your nation is your supreme weapon, the strategy game Hearts of Iron IV lets you take command of any nation in World War II; the most engaging conflict in world history.",23508 ,37794 ,https://cdn.akamai.steamstatic.com/steam/apps/394360/header.jpg?t=1679479633,<img src='https://cdn.akamai.steamstatic.com/steam/apps/394360/header.jpg?t=1679479633'>,,,
35,Simulation,Europa Universalis IV,39.99,2013-08-13,"Europa Universalis IV gives you control of a nation through four dramatic centuries. Rule your land and dominate the world with unparalleled freedom, depth and historical accuracy. Write a new history of the world and build an empire for the ages.",23280 ,29766 ,https://cdn.akamai.steamstatic.com/steam/apps/236850/header.jpg?t=1681894887,<img src='https://cdn.akamai.steamstatic.com/steam/apps/236850/header.jpg?t=1681894887'>,,,
36,RPG,FINAL FANTASY XIV Online,19.99,2014-02-18,Take part in an epic and ever-changing FINAL FANTASY as you adventure and explore with friends from around the world.,22842 ,26717 ,https://cdn.akamai.steamstatic.com/steam/apps/39210/header.jpg?t=1669805579,<img src='https://cdn.akamai.steamstatic.com/steam/apps/39210/header.jpg?t=1669805579'>,,,
37,Action,Red Dead Redemption 2,59.99,2019-12-05,"Winner of over 175 Game of the Year Awards and recipient of over 250 perfect scores, RDR2 is the epic tale of outlaw Arthur Morgan and the infamous Van der Linde gang, on the run across America at the dawn of the modern age. Also includes access to the shared living world of Red Dead Online.",20934 ,37009 ,https://cdn.akamai.steamstatic.com/steam/apps/1174180/header.jpg?t=1671485009,<img src='https://cdn.akamai.steamstatic.com/steam/apps/1174180/header.jpg?t=1671485009'>,,,
38,Simulation,Garry's Mod,9.99,2006-11-29,Garry's Mod is a physics sandbox. There aren't any predefined aims or goals. We give you the tools and leave you to play.,20371 ,27572 ,https://cdn.akamai.steamstatic.com/steam/apps/4000/header.jpg?t=1663621793,<img src='https://cdn.akamai.steamstatic.com/steam/apps/4000/header.jpg?t=1663621793'>,,,
39,RPG,The Elder Scrolls V: Skyrim Special Edition,39.99,2016-10-27,"Winner of more than 200 Game of the Year Awards, Skyrim Special Edition brings the epic fantasy to life in stunning detail. The Special Edition includes the critically acclaimed game and add-ons with all-new features like remastered art and effects, volumetric god rays, dynamic depth of field, screen-space",20173 ,22253 ,https://cdn.akamai.steamstatic.com/steam/apps/489830/header.jpg?t=1650909796,<img src='https://cdn.akamai.steamstatic.com/steam/apps/489830/header.jpg?t=1650909796'>,,,
40,Simulation,Euro Truck Simulator 2,19.99,2012-10-18,"Travel across Europe as king of the road, a trucker who delivers important cargo across impressive distances! With dozens of cities to explore, your endurance, skill and speed will all be pushed to their limits.",19385 ,36122 ,https://cdn.akamai.steamstatic.com/steam/apps/227300/header.jpg?t=1677839068,<img src='https://cdn.akamai.steamstatic.com/steam/apps/227300/header.jpg?t=1677839068'>,,,
41,Simulation,VRChat,Free To Play,2017-02-01,"Join our growing community as you explore, play, and help craft the future of social VR. Create worlds and custom avatars. Welcome to VRChat",18980 ,24843 ,https://cdn.akamai.steamstatic.com/steam/apps/438100/header.jpg?t=1662741577,<img src='https://cdn.akamai.steamstatic.com/steam/apps/438100/header.jpg?t=1662741577'>,,,
42,Action,Resident Evil 4,59.99,2023-03-23,"Survival is just the beginning. Six years have passed since the biological disaster in Raccoon City. Leon S. Kennedy, one of the survivors, tracks the president's kidnapped daughter to a secluded European village, where there is something terribly wrong with the locals.",18688 ,29378 ,https://cdn.akamai.steamstatic.com/steam/apps/2050650/header.jpg?t=1680840402,<img src='https://cdn.akamai.steamstatic.com/steam/apps/2050650/header.jpg?t=1680840402'>,,,
43,Action,Wartales,34.99,2023-04-12,"Wartales is an open world RPG in which you lead a group of mercenaries in their search for wealth across a massive medieval universe. Explore the world, recruit companions, collect bounties and unravel the secrets of the tombs of the ancients!",18128 ,24215 ,https://cdn.akamai.steamstatic.com/steam/apps/1527950/header_alt_assets_2.jpg?t=1681306889,<img src='https://cdn.akamai.steamstatic.com/steam/apps/1527950/header_alt_assets_2.jpg?t=1681306889'>,,,
44,Action,The Elder Scrolls_ Online,19.99,2014-04-04,"Join over 20 million players in the award-winning online multiplayer RPG and experience limitless adventure in a persistent Elder Scrolls world. Battle, craft, steal, or explore, and combine different types of equipment and abilities to create your own style of play. No game subscription required.",17885 ,23013 ,https://cdn.akamai.steamstatic.com/steam/apps/306130/header.jpg?t=1681923675,<img src='https://cdn.akamai.steamstatic.com/steam/apps/306130/header.jpg?t=1681923675'>,,,
45,Action,New World,39.99,2021-09-28,"Explore a thrilling, open-world MMO filled with danger and opportunity where you'll forge a new destiny on the supernatural island of Aeternum.",17850 ,22081 ,https://cdn.akamai.steamstatic.com/steam/apps/1063730/header.jpg?t=1680741052,<img src='https://cdn.akamai.steamstatic.com/steam/apps/1063730/header.jpg?t=1680741052'>,,,
46,Action,tModLoader,Free To Play,2020-05-16,"Dig, Fight, and Build your way through the world of player-created mods on Terraria with tModLoader - this DLC makes modding Terraria a reality!",17834 ,22922 ,https://cdn.akamai.steamstatic.com/steam/apps/1281930/header.jpg?t=1681581093,<img src='https://cdn.akamai.steamstatic.com/steam/apps/1281930/header.jpg?t=1681581093'>,,,
47,Action,Summoners War: Chronicles,,2022-11-09,The King of Rahil is looking for a Summoner to protect the kingdom against Tefo's enormous conspiracy. Your story as a Rahil Guard begins now! Explore a vast world with your Summoned companions by your side in this new Action RPG set in the Summoners War Universe.,17672 ,23607 ,https://cdn.akamai.steamstatic.com/steam/apps/2167580/header.jpg?t=1678369249,<img src='https://cdn.akamai.steamstatic.com/steam/apps/2167580/header.jpg?t=1678369249'>,,,
48,Strategy,Bloons TD 6,13.99,2018-12-17,The Bloons are back and better than ever! Get ready for a massive 3D tower defense game designed to give you hours and hours of the best strategy gaming available.,17175 ,19715 ,https://cdn.akamai.steamstatic.com/steam/apps/960090/header.jpg?t=1680582958,<img src='https://cdn.akamai.steamstatic.com/steam/apps/960090/header.jpg?t=1680582958'>,,,
49,Strategy,RimWorld,34.99,2018-10-17,"A sci-fi colony sim driven by an intelligent AI storyteller. Generates stories by simulating psychology, ecology, gunplay, melee combat, climate, biomes, diplomacy, interpersonal relationships, art, medicine, trade, and more.",16975 ,19782 ,https://cdn.akamai.steamstatic.com/steam/apps/294100/header.jpg?t=1676391313,<img src='https://cdn.akamai.steamstatic.com/steam/apps/294100/header.jpg?t=1676391313'>,,,
50,Action,Hunt: Showdown,39.99,2019-08-27,"Hunt: Showdown is a high-stakes, tactical PvPvE first-person shooter. Hunt for bounties in the infested Bayou, kill nightmarish monsters and outwit competing hunters - alone or in a group - with your glory, gear, and gold on the line.",16698 ,26391 ,https://cdn.akamai.steamstatic.com/steam/apps/594650/header.jpg?t=1681921147,<img src='https://cdn.akamai.steamstatic.com/steam/apps/594650/header.jpg?t=1681921147'>,,,
51,Action,7 Days to Die,24.99,2013-12-13,"7 Days to Die is an open-world game that is a unique combination of first-person shooter, survival horror, tower defense, and role-playing games. Play the definitive zombie survival sandbox RPG that came first. Navezgane awaits!",16441 ,22830 ,https://cdn.akamai.steamstatic.com/steam/apps/251570/header.jpg?t=1650477344,<img src='https://cdn.akamai.steamstatic.com/steam/apps/251570/header.jpg?t=1650477344'>,,,
52,Action,Black Desert,$9.99 ,2017-05-24,"Played by over 20 million Adventurers - Black Desert Online is an open-world, action MMORPG. Experience intense, action-packed combat, battle massive world bosses, fight alongside friends to siege and conquer castles, and train in professions such as fishing, trading, crafting, cooking, and more!",16195 ,18227 ,https://cdn.akamai.steamstatic.com/steam/apps/582660/header.jpg?t=1681332065,<img src=https://cdn.akamai.steamstatic.com/steam/apps/582660/header.jpg?t=1681332065'>,,,
53,Action,Hogwarts Legacy,$59.99 ,2023-02-10,"Hogwarts Legacy is an immersive, open-world action RPG. Now you can take control of the action and be at the center of your own adventure in the wizarding world.",16183 ,23251 ,https://cdn.akamai.steamstatic.com/steam/apps/990080/header.jpg?t=1680647016,<img src=https://cdn.akamai.steamstatic.com/steam/apps/990080/header.jpg?t=1680647016'>,,,
54,RPG,cyberpunk 2077,$59.99 ,2020-12-09,"Cyberpunk 2077 is an open-world, action-adventure RPG set in the dark future of Night City ¡ª a dangerous megalopolis obsessed with power, glamor, and ceaseless body modification.",15673 ,22439 ,https://cdn.akamai.steamstatic.com/steam/apps/1091500/header.jpg?t=1680026109,<img src=https://cdn.akamai.steamstatic.com/steam/apps/1091500/header.jpg?t=1680026109'>,,,
55,Action,Left 4 Dead 2,$9.99 ,2009-11-17,"Set in the zombie apocalypse, Left 4 Dead 2 (L4D2) is the highly anticipated sequel to the award-winning Left 4 Dead, the #1 co-op game of 2008. This co-operative action horror FPS takes you and your friends through the cities, swamps and cemeteries of the Deep South, from Savannah to New Orleans",15644 ,28754 ,https://cdn.akamai.steamstatic.com/steam/apps/550/header.jpg?t=1675801903,<img src=https://cdn.akamai.steamstatic.com/steam/apps/550/header.jpg?t=1675801903'>,,,
56,Utilities,Soundpad,$4.99 ,2016-11-09,"Play sounds in voice chats in high digital quality. Add sounds or music to your microphone signal so others will hear it, too.",15128 ,18283 ,https://cdn.akamai.steamstatic.com/steam/apps/629520/header.jpg?t=1670602154,<img src=https://cdn.akamai.steamstatic.com/steam/apps/629520/header.jpg?t=1670602154'>,,,
57,Simulation,Farming Simulator 22,$39.99 ,2021-11-22,"Create your farm and let the good times grow! Harvest crops, tend to animals, manage productions, and take on seasonal challenges.",14540 ,29276 ,https://cdn.akamai.steamstatic.com/steam/apps/1248130/header.jpg?t=1680158089,<img src=https://cdn.akamai.steamstatic.com/steam/apps/1248130/header.jpg?t=1680158089'>,,,
58,Strategy,Sid Meier's Civilization_ V,$29.99 ,2010-09-21,"Create, discover, and download new player-created maps, scenarios, interfaces, and more!",14483 ,17487 ,https://cdn.akamai.steamstatic.com/steam/apps/8930/header.jpg?t=1579731804,<img src=https://cdn.akamai.steamstatic.com/steam/apps/8930/header.jpg?t=1579731804'>,,,
59,Strategy,Age of Empires II: Definitive Edition,$19.99 ,2019-11-14,"Age of Empires II: Definitive Edition features ¡°The Last Khans¡± with 3 new campaigns and 4 new Civilizations. Frequent updates include events, additional content, new game modes, and enhanced features with the recent addition of Co-Op mode!",14427 ,18251 ,https://cdn.akamai.steamstatic.com/steam/apps/813780/header.jpg?t=1681926638,<img src=https://cdn.akamai.steamstatic.com/steam/apps/813780/header.jpg?t=1681926638'>,,,
60,Strategy,Yu-Gi-Oh! Master Duel,Free To Play ,2022-01-18,The definitive digital edition of the competitive card game that has been evolving for over 20 years! Duel at the highest level against Duelists all over the world.,14317 ,31400 ,https://cdn.akamai.steamstatic.com/steam/apps/1449850/header.jpg?t=1676878640,<img src=https://cdn.akamai.steamstatic.com/steam/apps/1449850/header.jpg?t=1676878640'>,,,
61,Action,Vampire Survivors,$4.99 ,2022-10-20,"Mow down thousands of night creatures and survive until dawn! Vampire Survivors is a gothic horror casual game with rogue-lite elements, where your choices can allow you to quickly snowball against the hundreds of monsters that get thrown at you.",13968 ,18004 ,https://cdn.akamai.steamstatic.com/steam/apps/1794680/header.jpg?t=1681394120,<img src=https://cdn.akamai.steamstatic.com/steam/apps/1794680/header.jpg?t=1681394120'>,,,
62,RPG,Fallout 4,$19.99 ,2015-11-10,"Bethesda Game Studios, the award-winning creators of Fallout 3 and The Elder Scrolls V: Skyrim, welcome you to the world of Fallout 4 _ their most ambitious game ever, and the next generation of open-world gaming.",13950 ,15428 ,https://cdn.akamai.steamstatic.com/steam/apps/377160/header.jpg?t=1650909928,<img src=https://cdn.akamai.steamstatic.com/steam/apps/377160/header.jpg?t=1650909928'>,,,
63,Simulation,NBA 2K23,$79.99 ,2022-09-08,"Rise to the occasion in NBA 2K23. Showcase your talent in MyCAREER. Pair All-Stars with timeless legends in MyTEAM. Build your own dynasty in MyGM, or guide the NBA in a new direction with MyLEAGUE. Take on NBA or WNBA teams in PLAY NOW and feel true-to-life gameplay.",13938 ,33188 ,https://cdn.akamai.steamstatic.com/steam/apps/1919590/header.jpg?t=1677540477,<img src=https://cdn.akamai.steamstatic.com/steam/apps/1919590/header.jpg?t=1677540477'>,,,
64,RPG,Crusader Kings III,$49.99 ,2020-09-01,"Love, fight, scheme, and claim greatness. Determine your noble house¡¯s legacy in the sprawling grand strategy of Crusader Kings III. Death is only the beginning as you guide your dynasty¡¯s bloodline in the rich and larger-than-life simulation of the Middle Ages.",13688 ,17123 ,https://cdn.akamai.steamstatic.com/steam/apps/1158310/header.jpg?t=1681324568,<img src=https://cdn.akamai.steamstatic.com/steam/apps/1158310/header.jpg?t=1681324568'>,,,
65,Action,The Binding of Isaac: Rebirth,$14.99 ,2014-11-04,"The Binding of Isaac: Rebirth is a randomly generated action RPG shooter with heavy Rogue-like elements. Following Isaac on his journey players will find bizarre treasures that change Isaac¡¯s form giving him super human abilities and enabling him to fight off droves of mysterious creatures, discover secrets",13609 ,17727 ,https://cdn.akamai.steamstatic.com/steam/apps/250900/header.jpg?t=1617174663,<img src=https://cdn.akamai.steamstatic.com/steam/apps/250900/header.jpg?t=1617174663'>,,,
66,Action,SMITE_,Free to Play,2015-09-08,"Join 40+ million players in SMITE, the Battleground of the Gods! Wield Thor¡¯s hammer, or play as one of 120+ other mythological icons. The New Season includes a New Map, New God, New BP & a G.I. JOE Event! Become a God and play FREE today!",13539 ,16498 ,https://cdn.akamai.steamstatic.com/steam/apps/386360/header.jpg?t=1681911949,<img src=https://cdn.akamai.steamstatic.com/steam/apps/386360/header.jpg?t=1681911949'>,,,
67,Action,Mount & Blade II: Bannerlord,$49.99 ,2022-10-25,"A strategy/action RPG. Create a character, engage in diplomacy, craft, trade and conquer new lands in a vast medieval sandbox. Raise armies to lead into battle and command and fight alongside your troops in massive real-time battles using a deep but intuitive skill-based combat system.",13325 ,20391 ,https://cdn.akamai.steamstatic.com/steam/apps/261550/header.jpg?t=1671213711,<img src=https://cdn.akamai.steamstatic.com/steam/apps/261550/header.jpg?t=1671213711'>,,,
68,Action,Brawlhalla,Free to Play,2017-10-17,"An epic platform fighter for up to 8 players online or local. Try casual free-for-alls, ranked matches, or invite friends to a private room. And it's free! Play cross-platform with millions of players on PlayStation, Xbox, Nintendo Switch, iOS, Android & Steam! Frequent updates. Over fifty Legends.",13199 ,14212 ,https://cdn.akamai.steamstatic.com/steam/apps/291550/header.jpg?t=1682003055,<img src=https://cdn.akamai.steamstatic.com/steam/apps/291550/header.jpg?t=1682003055'>,,,
69,Simulation,Stellaris,$39.99 ,2016-05-09,"Explore a galaxy full of wonders in this sci-fi grand strategy game from Paradox Development Studios. Interact with diverse alien races, discover strange new worlds with unexpected events and expand the reach of your empire. Each new adventure holds almost limitless possibilities.",12968 ,16538 ,https://cdn.akamai.steamstatic.com/steam/apps/281990/header.jpg?t=1681394025,<img src=https://cdn.akamai.steamstatic.com/steam/apps/281990/header.jpg?t=1681394025'>,,,
70,Simulation,Cities: Skylines,$29.99 ,2015-03-10,Cities: Skylines is a modern take on the classic city simulation. The game introduces new game play elements to realize the thrill and hardships of creating and maintaining a real city whilst expanding on some well-established tropes of the city building experience.,12255 ,19400 ,https://cdn.akamai.steamstatic.com/steam/apps/255710/header.jpg?t=1678870879,<img src=https://cdn.akamai.steamstatic.com/steam/apps/255710/header.jpg?t=1678870879'>,,,
71,Action,No Man's Sky,$59.99 ,2016-08-12,No Man's Sky is a game about exploration and survival in an infinite procedurally generated universe.,11836 ,14192 ,https://cdn.akamai.steamstatic.com/steam/apps/275850/header_alt_assets_17.jpg?t=1680700860,<img src=https://cdn.akamai.steamstatic.com/steam/apps/275850/header_alt_assets_17.jpg?t=1680700860'>,,,
72,Action,Conan Exiles,$39.99 ,2018-05-08,"An online multiplayer survival game, now with sorcery, set in the lands of Conan the Barbarian. Survive in a vast open world sandbox, build your home into a kingdom, and dominate your enemies in single or multiplayer.",11786 ,14288 ,https://cdn.akamai.steamstatic.com/steam/apps/440900/header.jpg?t=1678800721,<img src=https://cdn.akamai.steamstatic.com/steam/apps/440900/header.jpg?t=1678800721'>,,,
73,Casual,Cookie Clicker,$4.99 ,2021-09-01,"An idle game about making cookies! Originally released in 2013 on the web, and actively developed since then. This is the official version for Steam.",11388 ,12202 ,https://cdn.akamai.steamstatic.com/steam/apps/1454400/header.jpg?t=1654840309,<img src=https://cdn.akamai.steamstatic.com/steam/apps/1454400/header.jpg?t=1654840309'>,,,
74,Casual,Factorio,$35.00 ,2020-08-14,"Factorio is a game about building and creating automated factories to produce items of increasing complexity, within an infinite 2D world. Use your imagination to design your factory, combine simple elements into ingenious structures, and finally protect it from the creatures who don't really like you.",11087 ,14263 ,https://cdn.akamai.steamstatic.com/steam/apps/427520/header.jpg?t=1664264081,<img src=https://cdn.akamai.steamstatic.com/steam/apps/427520/header.jpg?t=1664264081'>,,,
75,RPG,Albion Online,Free to Play,2017-07-17,"Albion Online is a fantasy sandbox MMORPG featuring a player-driven economy, classless combat system, and intense PvP battles. Explore a vast open world full of danger and opportunity. Grow your wealth, forge alliances, and leave your mark on the world of Albion.",10699 ,24754 ,https://cdn.akamai.steamstatic.com/steam/apps/761890/header.jpg?t=1676293188,<img src=https://cdn.akamai.steamstatic.com/steam/apps/761890/header.jpg?t=1676293188'>,,,
76,Action,Deep Rock Galactic,$29.99 ,2020-05-13,"Deep Rock Galactic is a 1-4 player co-op FPS featuring badass space Dwarves, 100% destructible environments, procedurally-generated caves, and endless hordes of alien monsters.",10546 ,14939 ,https://cdn.akamai.steamstatic.com/steam/apps/548430/header.jpg?t=1681822890,<img src=https://cdn.akamai.steamstatic.com/steam/apps/548430/header.jpg?t=1681822890'>,,,
77,Action,Arma 3,$29.99 ,2013-09-12,"Experience true combat gameplay in a massive military sandbox. Deploying a wide variety of single- and multiplayer content, over 20 vehicles and 40 weapons, and limitless opportunities for content creation, this is the PC¡¯s premier military game. Authentic, diverse, open - Arma 3 sends you to war.",10259 ,14661 ,https://cdn.akamai.steamstatic.com/steam/apps/107410/header.jpg?t=1677682009,<img src=https://cdn.akamai.steamstatic.com/steam/apps/107410/header.jpg?t=1677682009'>,,,
78,Simulation,Football Manager 2022,$7.99 ,2021-11-09,"The closest thing to real football management. FM22 brings new, progressive ways to find your winning edge, instill your footballing style and earn it on the pitch.",10255 ,13748 ,https://cdn.akamai.steamstatic.com/steam/apps/1569040/header.jpg?t=1667865582,<img src=https://cdn.akamai.steamstatic.com/steam/apps/1569040/header.jpg?t=1667865582'>,,,
79,Action,Satisfactory,$29.99 ,2020-06-08,"Satisfactory is a first-person open-world factory building game with a dash of exploration and combat. Play alone or with friends, explore an alien planet, create multi-story factories, and enter conveyor belt heaven!",10195 ,13854 ,https://cdn.akamai.steamstatic.com/steam/apps/526870/header.jpg?t=1670335305,<img src=https://cdn.akamai.steamstatic.com/steam/apps/526870/header.jpg?t=1670335305'>,,,
80,Action,Sea of Thieves 2023 Edition,$39.99 ,2020-06-03,"Celebrate five years since Sea of Thieves' launch with this special edition, including a copy of the game with all permanent content added since launch, plus a 10,000 gold bonus and a selection of Hunter cosmetics: the Hunter Cutlass, Pistol, Compass, Hat, Jacket and Sails.",9983 ,13782 ,https://cdn.akamai.steamstatic.com/steam/apps/1172620/header.jpg?t=1678991207,<img src=https://cdn.akamai.steamstatic.com/steam/apps/1172620/header.jpg?t=1678991207'>,,,
81,Action,Phasmophobia,$13.99 ,2020-09-18,Phasmophobia is a 4 player online co-op psychological horror. Paranormal activity is on the rise and it¡¯s up to you and your team to use all the ghost-hunting equipment at your disposal in order to gather as much evidence as you can.,9856 ,15484 ,https://cdn.akamai.steamstatic.com/steam/apps/739630/header.jpg?t=1674232976,<img src=https://cdn.akamai.steamstatic.com/steam/apps/739630/header.jpg?t=1674232976'>,,,
82,Simulation,FIFA 22,$59.99 ,2021-10-01,"Powered by Footballþ, EA SPORTSþ FIFA 22 brings the game even closer to the real thing with fundamental gameplay advances and a new season of innovation across every mode.",9680 ,11914 ,https://cdn.akamai.steamstatic.com/steam/apps/1506830/header.jpg?t=1678115961,<img src=https://cdn.akamai.steamstatic.com/steam/apps/1506830/header.jpg?t=1678115961'>,,,
83,Simulation,BeamNG.drive,$24.99 ,2015-05-29,A dynamic soft-body physics vehicle simulator capable of doing just about anything.,9344 ,12625 ,https://cdn.akamai.steamstatic.com/steam/apps/284160/header.jpg?t=1670937192,<img src=https://cdn.akamai.steamstatic.com/steam/apps/284160/header.jpg?t=1670937192'>,,,
84,Action,Paladins_,Free to Play,2018-05-08,"Join 50+ million players in Paladins, the free-to-play fantasy team-based shooter sensation. Wield guns and magic as a legendary Champion of the Realm, customizing your core set of abilities to play exactly how you want to play.",9242 ,10104 ,https://cdn.akamai.steamstatic.com/steam/apps/444090/header.jpg?t=1680794147,<img src=https://cdn.akamai.steamstatic.com/steam/apps/444090/header.jpg?t=1680794147'>,,,
85,Simulation,Assetto Corsa,$19.99 ,2014-12-19,"Assetto Corsa v1.16 introduces the new ""Laguna Seca"" laser-scanned track, 7 new cars among which the eagerly awaited Alfa Romeo Giulia Quadrifoglio! Check the changelog for further info!",9106 ,12882 ,https://cdn.akamai.steamstatic.com/steam/apps/244210/header.jpg?t=1669152181,<img src=https://cdn.akamai.steamstatic.com/steam/apps/244210/header.jpg?t=1669152181'>,,,
86,Action,Sons Of The Forest,$29.99 ,2023-02-23,"Sent to find a missing billionaire on a remote island, you find yourself in a cannibal-infested hellscape. Craft, build, and struggle to survive, alone or with friends, in this terrifying new open-world survival horror simulator.",8773 ,13812 ,https://cdn.akamai.steamstatic.com/steam/apps/1326470/header.jpg?t=1679677298,<img src=https://cdn.akamai.steamstatic.com/steam/apps/1326470/header.jpg?t=1679677298'>,,,
87,RPG,The Witcher_ 3: Wild Hunt,$39.99 ,2015-05-18,"You are Geralt of Rivia, mercenary monster slayer. Before you stands a war-torn, monster-infested continent you can explore at will. Your current contract? Tracking down Ciri ¡ª the Child of Prophecy, a living weapon that can alter the shape of the world.",8752 ,18599 ,https://cdn.akamai.steamstatic.com/steam/apps/292030/header.jpg?t=1675178392,<img src=https://cdn.akamai.steamstatic.com/steam/apps/292030/header.jpg?t=1675178392'>,,,
88,Action,Counter-Strike,$9.99 ,2000-11-01,Play the world's number 1 online action game. Engage in an incredibly realistic brand of terrorist warfare in this wildly popular team-based game. Ally with teammates to complete strategic missions. Take out enemy sites. Rescue hostages. Your role affects your team's success. Your team's success affects,8527 ,13164 ,https://cdn.akamai.steamstatic.com/steam/apps/10/header.jpg?t=1666823513,<img src=https://cdn.akamai.steamstatic.com/steam/apps/10/header.jpg?t=1666823513'>,,,
89,Action,Crossout,Free To Play,2017-07-26,Crossout - the post-apocalyptic MMO Action game! Craft your unique battle machines from dozens of interchangeable parts and destroy your enemies in explosive PvP online battles!,8186 ,9701 ,https://cdn.akamai.steamstatic.com/steam/apps/386180/header.jpg?t=1681970723,<img src=https://cdn.akamai.steamstatic.com/steam/apps/386180/header.jpg?t=1681970723'>,,,
90,Action,Space Engineers,$19.99 ,2019-02-28,"Space Engineers is a sandbox game about engineering, construction, exploration and survival in space and on planets. Players build space ships, space stations, planetary outposts of various sizes and uses, pilot ships and travel through space to explore planets and gather resources to survive.",8171 ,10156 ,https://cdn.akamai.steamstatic.com/steam/apps/244850/header.jpg?t=1681406332,<img src=https://cdn.akamai.steamstatic.com/steam/apps/244850/header.jpg?t=1681406332'>,,,
91,Action,MONSTER HUNTER RISE,$59.99 ,2022-01-12,"Rise to the challenge and join the hunt! In Monster Hunter Rise, the latest installment in the award-winning and top-selling Monster Hunter series, you¡¯ll become a hunter, explore brand new maps and use a variety of weapons to take down fearsome monsters as part of an all-new storyline.",8063 ,26746 ,https://cdn.akamai.steamstatic.com/steam/apps/1446780/header.jpg?t=1681955451,<img src=https://cdn.akamai.steamstatic.com/steam/apps/1446780/header.jpg?t=1681955451'>,,,
92,Action,Stumble Guys,Free To Play,2021-10-07,"Race through obstacle courses against up to 32 players online. Run, jump and dash to the finish line until the best player takes the crown!",7579 ,11599 ,https://cdn.akamai.steamstatic.com/steam/apps/1677740/header.jpg?t=1668177990,<img src=https://cdn.akamai.steamstatic.com/steam/apps/1677740/header.jpg?t=1668177990'>,,,
93,Action,Don't Starve Together,$14.99 ,2016-04-21,"Fight, Farm, Build and Explore Together in the standalone multiplayer expansion to the uncompromising wilderness survival game, Don't Starve.",7525 ,31603 ,https://cdn.akamai.steamstatic.com/steam/apps/322330/header_alt_assets_36.jpg?t=1681339446,<img src=https://cdn.akamai.steamstatic.com/steam/apps/322330/header_alt_assets_36.jpg?t=1681339446'>,,,
94,Action,NARAKA: BLADEPOINT,$19.99 ,2021-08-11,"NARAKA: BLADEPOINT is an up to 60-player PVP mythical action combat experience with martial arts inspired melee combat, gravity defying mobility, vast arsenals of melee & ranged weapons, legendary customizable heroes with epic abilities - inspired by the legends of the Far East.",7470 ,115423 ,https://cdn.akamai.steamstatic.com/steam/apps/1203220/header.jpg?t=1679589810,<img src=https://cdn.akamai.steamstatic.com/steam/apps/1203220/header.jpg?t=1679589810'>,,,
95,Action,Geometry Dash,$3.99 ,2014-12-22,Jump and fly your way through danger in this rhythm-based action platformer!,7170 ,7859 ,https://cdn.akamai.steamstatic.com/steam/apps/322170/header.jpg?t=1624472273,<img src=https://cdn.akamai.steamstatic.com/steam/apps/322170/header.jpg?t=1624472273'>,,,
96,RPG,Divinity: Original Sin 2 - Definitive Edition,$44.99 ,2017-09-14,"The critically acclaimed RPG that raised the bar, from the creators of Baldur's Gate 3. Gather your party. Master deep, tactical combat. Venture as a party of up to four - but know that only one of you will have the chance to become a God.",7163 ,10984 ,https://cdn.akamai.steamstatic.com/steam/apps/435150/header.jpg?t=1668591196,<img src=https://cdn.akamai.steamstatic.com/steam/apps/435150/header.jpg?t=1668591196'>,,,
97,Strategy,Slay the Spire,$24.99 ,2019-01-23,"We fused card games and roguelikes together to make the best single player deckbuilder we could. Craft a unique deck, encounter bizarre creatures, discover relics of immense power, and Slay the Spire!",6735 ,13806 ,https://cdn.akamai.steamstatic.com/steam/apps/646570/header.jpg?t=1666988685,<img src=https://cdn.akamai.steamstatic.com/steam/apps/646570/header.jpg?t=1666988685'>,,,
98,Casual,IdleOn - The Idle MMO,Free To Play,2021-04-02,"IdleOn is the only MMO where your characters keep grinding when you're gone! Specialize them all into unique classes, and spend their Loot & EXP to gain more power! Defeat bosses to unlock new gameplay features -- as a Sandbox Game, IdleOn gets more complex the more you play!",6661 ,7606 ,https://cdn.akamai.steamstatic.com/steam/apps/1476970/header.jpg?t=1680582073,<img src=https://cdn.akamai.steamstatic.com/steam/apps/1476970/header.jpg?t=1680582073'>,,,
99,Action,Risk of Rain 2,$24.99 ,2020-08-11,"Escape a chaotic alien planet by fighting through hordes of frenzied monsters _ with your friends, or on your own. Combine loot in surprising ways and master each character until you become the havoc you feared upon your first crash landing.",6631 ,8091 ,https://cdn.akamai.steamstatic.com/steam/apps/632360/header.jpg?t=1660063598,<img src=https://cdn.akamai.steamstatic.com/steam/apps/632360/header.jpg?t=1660063598'>,,,
100,Simulation,Footballþ 2023,Free To Play,2021-09-29,"From ""PES"" to ""eFootballþ"" eFootballþ 2023 kicks off!",6606 ,8103 ,https://cdn.akamai.steamstatic.com/steam/apps/1665460/header.jpg?t=1681724794,<img src=https://cdn.akamai.steamstatic.com/steam/apps/1665460/header.jpg?t=1681724794'>,,,